synonym,score
without,0.8709923028945923
women,0.8072355389595032
wives,0.7996683716773987
witness,0.7845274806022644
wome,0.7837244868278503
within,0.7813483476638794
wo,0.7727981805801392
womb,0.7619055509567261
with,0.7564736604690552
womans,0.7254174947738647
